{
    "modelName": "Office_Data1.ply",
    "shots": [
        {
            "id": 1,
            "name": "Shot 1",
            "position": {
                "x": -7.890679836273193,
                "y": -1.0898315906524658,
                "z": 9.563495635986328
            },
            "pitch": -179.7492445611004,
            "yaw": 386.54999999999774,
            "stopDuration": 0,
            "modelTransform": {
                "id": "model-gxichox",
                "name": "Office_Data1.ply",
                "position": {
                    "x": 0,
                    "y": 0,
                    "z": 0
                },
                "rotation": {
                    "x": -90.00000000000001,
                    "y": 24.99999971118543,
                    "z": -180
                },
                "scale": 1
            }
        },
        {
            "id": 2,
            "name": "Shot 2",
            "position": {
                "x": -6.932709217071533,
                "y": -1.0992114543914795,
                "z": 11.480695724487305
            },
            "pitch": -179.7492445611004,
            "yaw": 386.54999999999774,
            "stopDuration": 0,
            "modelTransform": {
                "id": "model-gxichox",
                "name": "Office_Data1.ply",
                "position": {
                    "x": 0,
                    "y": 0,
                    "z": 0
                },
                "rotation": {
                    "x": -90.00000000000001,
                    "y": 24.99999971118543,
                    "z": -180
                },
                "scale": 1
            }
        },
        {
            "id": 3,
            "name": "Shot 3",
            "position": {
                "x": -8.18471908569336,
                "y": -1.1716158390045166,
                "z": 11.105785369873047
            },
            "pitch": -182.74924456110048,
            "yaw": 449.8499999999971,
            "stopDuration": 0,
            "modelTransform": {
                "id": "model-gxichox",
                "name": "Office_Data1.ply",
                "position": {
                    "x": 0,
                    "y": 0,
                    "z": 0
                },
                "rotation": {
                    "x": -90.00000000000001,
                    "y": 24.99999971118543,
                    "z": -180
                },
                "scale": 1
            }
        },
        {
            "id": 4,
            "name": "Shot 4",
            "position": {
                "x": -4.5834527015686035,
                "y": -1.9149163961410522,
                "z": 12.186627388000488
            },
            "pitch": -198.04924456110052,
            "yaw": 562.4999999999961,
            "stopDuration": 0,
            "modelTransform": {
                "id": "model-gxichox",
                "name": "Office_Data1.ply",
                "position": {
                    "x": 0,
                    "y": 0,
                    "z": 0
                },
                "rotation": {
                    "x": -90.00000000000001,
                    "y": 24.99999971118543,
                    "z": -180
                },
                "scale": 1
            }
        },
        {
            "id": 5,
            "name": "Shot 5",
            "position": {
                "x": -3.034667730331421,
                "y": -2.2321860790252686,
                "z": 8.618966102600098
            },
            "pitch": -214.99924456110057,
            "yaw": 617.699999999996,
            "stopDuration": 0,
            "modelTransform": {
                "id": "model-gxichox",
                "name": "Office_Data1.ply",
                "position": {
                    "x": 0,
                    "y": 0,
                    "z": 0
                },
                "rotation": {
                    "x": -90.00000000000001,
                    "y": 24.99999971118543,
                    "z": -180
                },
                "scale": 1
            }
        },
        {
            "id": 6,
            "name": "Shot 6",
            "position": {
                "x": -6.155184745788574,
                "y": -2.023709297180176,
                "z": 5.738887310028076
            },
            "pitch": -217.2492445611009,
            "yaw": 681.2999999999943,
            "stopDuration": 0,
            "modelTransform": {
                "id": "model-gxichox",
                "name": "Office_Data1.ply",
                "position": {
                    "x": 0,
                    "y": 0,
                    "z": 0
                },
                "rotation": {
                    "x": -90.00000000000001,
                    "y": 24.99999971118543,
                    "z": -180
                },
                "scale": 1
            }
        },
        {
            "id": 7,
            "name": "Shot 7",
            "position": {
                "x": -7.914418697357178,
                "y": -2.43230938911438,
                "z": 5.149195671081543
            },
            "pitch": -237.34924456110124,
            "yaw": 782.399999999994,
            "stopDuration": 0,
            "modelTransform": {
                "id": "model-gxichox",
                "name": "Office_Data1.ply",
                "position": {
                    "x": 0,
                    "y": 0,
                    "z": 0
                },
                "rotation": {
                    "x": -90.00000000000001,
                    "y": 24.99999971118543,
                    "z": -180
                },
                "scale": 1
            }
        },
        {
            "id": 8,
            "name": "Shot 8",
            "position": {
                "x": -7.720034599304199,
                "y": -1.487837314605713,
                "z": 3.527975082397461
            },
            "pitch": -211.69924456110107,
            "yaw": 828.1499999999936,
            "stopDuration": 0,
            "modelTransform": {
                "id": "model-gxichox",
                "name": "Office_Data1.ply",
                "position": {
                    "x": 0,
                    "y": 0,
                    "z": 0
                },
                "rotation": {
                    "x": -90.00000000000001,
                    "y": 24.99999971118543,
                    "z": -180
                },
                "scale": 1
            }
        },
        {
            "id": 9,
            "name": "Shot 9",
            "position": {
                "x": -7.8983612060546875,
                "y": -1.1936070919036865,
                "z": 2.5153732299804688
            },
            "pitch": -187.699244561101,
            "yaw": 861.1499999999935,
            "stopDuration": 0,
            "modelTransform": {
                "id": "model-gxichox",
                "name": "Office_Data1.ply",
                "position": {
                    "x": 0,
                    "y": 0,
                    "z": 0
                },
                "rotation": {
                    "x": -90.00000000000001,
                    "y": 24.99999971118543,
                    "z": -180
                },
                "scale": 1
            }
        },
        {
            "id": 10,
            "name": "Shot 10",
            "position": {
                "x": -7.767453670501709,
                "y": -1.0855920314788818,
                "z": 1.437918782234192
            },
            "pitch": -186.799244561101,
            "yaw": 846.1499999999935,
            "stopDuration": 0,
            "modelTransform": {
                "id": "model-gxichox",
                "name": "Office_Data1.ply",
                "position": {
                    "x": 0,
                    "y": 0,
                    "z": 0
                },
                "rotation": {
                    "x": -90.00000000000001,
                    "y": 24.99999971118543,